requested_frequency_hz,frequency_hz,direction,water_sigma_real_s_m,water_sigma_imag_s_m,solid_sigma_real_s_m,solid_sigma_imag_s_m,effective_sigma_real_s_m,effective_sigma_imag_s_m,mean_current_real_a_m2,mean_current_imag_a_m2,relative_residual_norm,solver
0.001,0.001,x,0.0436298317122917,0.0006103833301128,0.0,3.892433297797754e-13,2.7819180968526005e-17,7.036704593416029e-13,2.7819180968526005e-17,7.036704593416029e-13,1.1082940607651576e-14,direct
0.001,0.001,y,0.0436298317122917,0.0006103833301128,0.0,3.892433297797754e-13,0.006625517828958531,9.269129623591256e-05,0.006625517828958531,9.269129623591256e-05,6.213996214640032e-15,direct
0.001,0.001,z,0.0436298317122917,0.0006103833301128,0.0,3.892433297797754e-13,0.005912940118767647,8.272230163275432e-05,0.005912940118767647,8.272230163275432e-05,8.742600376359508e-15,direct
1.0,1.0,x,0.0589291897079846,0.0078475661423949,0.0,3.892433297797754e-10,3.060272414529342e-17,7.036698557254566e-10,3.060272414529342e-17,7.036698557254566e-10,9.425734398715773e-15,direct
1.0,1.0,y,0.0589291897079846,0.0078475661423949,0.0,3.892433297797754e-10,0.008948840317124935,0.0011917123480749815,0.008948840317124935,0.0011917123480749815,4.967657742544416e-15,direct
1.0,1.0,z,0.0589291897079846,0.0078475661423949,0.0,3.892433297797754e-10,0.007986388127475758,0.0010635431193860847,0.007986388127475758,0.0010635431193860847,5.7589902053057405e-15,direct
1000.0,1000.0,x,0.0914482133509936,0.0031858247761824,0.0,3.8924332977977537e-07,9.038348257864079e-12,7.036695403219153e-07,9.038348257864079e-12,7.036695403219153e-07,1.0964380900585458e-14,direct
1000.0,1000.0,y,0.0914482133509936,0.0031858247761824,0.0,3.8924332977977537e-07,0.013887098444819494,0.00048424538035759255,0.013887098444819494,0.00048424538035759255,5.37958471857321e-15,direct
1000.0,1000.0,z,0.0914482133509936,0.0031858247761824,0.0,3.8924332977977537e-07,0.012393534156761423,0.00043218664659556267,0.012393534156761423,0.00043218664659556267,6.846143470360128e-15,direct
